Built,n,prop
3.4.0,62,0.2
3.4.1,96,0.3096774193548387
3.4.2,8,0.025806451612903226
3.4.3,63,0.2032258064516129
3.4.4,81,0.26129032258064516
